-- phpMyAdmin SQL Dump
-- version 4.9.5
-- https://www.phpmyadmin.net/
--
-- Host: localhost:3306
-- Waktu pembuatan: 22 Jan 2021 pada 18.13
-- Versi server: 5.7.33
-- Versi PHP: 7.3.6

SET SQL_MODE = "NO_AUTO_VALUE_ON_ZERO";
SET AUTOCOMMIT = 0;
START TRANSACTION;
SET time_zone = "+00:00";


/*!40101 SET @OLD_CHARACTER_SET_CLIENT=@@CHARACTER_SET_CLIENT */;
/*!40101 SET @OLD_CHARACTER_SET_RESULTS=@@CHARACTER_SET_RESULTS */;
/*!40101 SET @OLD_COLLATION_CONNECTION=@@COLLATION_CONNECTION */;
/*!40101 SET NAMES utf8mb4 */;

--
-- Database: `sosisbak_manfikar`
--

-- --------------------------------------------------------

--
-- Struktur dari tabel `pj_akses`
--

CREATE TABLE `pj_akses` (
  `id_akses` tinyint(1) UNSIGNED NOT NULL,
  `label` varchar(10) NOT NULL,
  `level_akses` varchar(15) NOT NULL
) ENGINE=MyISAM DEFAULT CHARSET=latin1;

--
-- Dumping data untuk tabel `pj_akses`
--

INSERT INTO `pj_akses` (`id_akses`, `label`, `level_akses`) VALUES
(1, 'admin', 'Administrator'),
(2, 'kasir', 'Staff Kasir'),
(3, 'inventory', 'Staff Inventory'),
(4, 'keuangan', 'Staff Keuangan');

-- --------------------------------------------------------

--
-- Struktur dari tabel `pj_barang`
--

CREATE TABLE `pj_barang` (
  `id_barang` int(1) UNSIGNED NOT NULL,
  `kode_barang` varchar(40) NOT NULL,
  `nama_barang` varchar(60) NOT NULL,
  `total_stok` mediumint(1) UNSIGNED NOT NULL,
  `size` varchar(10) NOT NULL,
  `harga` decimal(10,0) NOT NULL,
  `id_kategori_barang` mediumint(1) UNSIGNED NOT NULL,
  `id_merk_barang` mediumint(1) UNSIGNED DEFAULT NULL,
  `keterangan` text NOT NULL,
  `dihapus` enum('tidak','ya') NOT NULL
) ENGINE=MyISAM DEFAULT CHARSET=latin1;

--
-- Dumping data untuk tabel `pj_barang`
--

INSERT INTO `pj_barang` (`id_barang`, `kode_barang`, `nama_barang`, `total_stok`, `size`, `harga`, `id_kategori_barang`, `id_merk_barang`, `keterangan`, `dihapus`) VALUES
(1, '0001', 'Nike Sport C993', 1, '34', 400000, 10, 2, 'OK', 'ya'),
(2, '0002', 'Runme Everynight Y98', 41, '', 120000, 3, 6, '', 'ya'),
(3, '0003', 'My Lovely Bag 877', 30, '', 350000, 2, 3, '', 'ya'),
(4, '0004', 'Quick Silver Gaul', 15, '', 35000, 3, 5, '', 'ya'),
(5, '0005', 'My Cool Shoes', 39, '', 550000, 1, 2, '', 'ya'),
(6, '3453453', 'Testing', 45, '', 929992, 1, 6, '', 'ya'),
(7, '9982429', 'Tes ada', 67, '', 600000, 3, 3, '', 'ya'),
(8, '8787829', 'Yes desk', 88, '', 999999, 1, 3, '', 'ya'),
(9, '0009', 'Test', 18, '', 100000, 3, 1, '', 'ya'),
(10, '99989', 'Test', 9, '', 99, 1, 2, '', 'ya'),
(11, '00010', 'Rinso', 17, '', 30000, 3, NULL, '', 'ya'),
(12, '00011', 'mouse', 20, '', 20000, 3, 1, '', 'ya'),
(13, '00012', 'Soklin Lantai', 19, '', 3000, 3, 1, '', 'ya'),
(14, '00013', 'Beras Merah', 15, '', 2000, 3, 1, '', 'ya'),
(16, '00018', 'Testing', 20, 'S', 3000, 4, 3, 'OK', 'ya'),
(17, '8993200665198', 'Saus Tomat', 15, '1 KG', 11500, 4, 5, '', 'tidak'),
(18, '8993200665204', 'Saus Sambal', 15, '1 KG', 11500, 4, 5, '', 'tidak'),
(19, '8993200666607', 'Saus Sambal Extra Pedas', 15, '1 KG', 14000, 4, 5, '', 'tidak'),
(20, '8993200664542', 'Mamayo Mayonais Original', 15, '1000 GR', 25000, 4, 5, '', 'tidak'),
(21, '8999909096004', 'roko', 5, '1 kg', 5000, 8, 6, '', 'tidak'),
(22, '32184600289', 'listrik', 787, '678', 2000, 8, 6, '', 'tidak'),
(23, '08082307', 'zone2000', 75, '678', 3000, 8, 6, '', 'tidak'),
(24, '1701000005033830', 'planet ban', 11, '56', 8000, 9, 6, '', 'tidak');

-- --------------------------------------------------------

--
-- Struktur dari tabel `pj_ci_sessions`
--

CREATE TABLE `pj_ci_sessions` (
  `id` varchar(40) NOT NULL,
  `ip_address` varchar(45) NOT NULL,
  `timestamp` int(10) UNSIGNED NOT NULL DEFAULT '0',
  `data` blob NOT NULL
) ENGINE=InnoDB DEFAULT CHARSET=latin1;

--
-- Dumping data untuk tabel `pj_ci_sessions`
--

INSERT INTO `pj_ci_sessions` (`id`, `ip_address`, `timestamp`, `data`) VALUES
('16d6e085b00ba58480c0c94542af608c9b86cdb6', '103.83.93.245', 1609499768, 0x5f5f63695f6c6173745f726567656e65726174657c693a313630393439393531323b61705f69645f757365727c733a313a2231223b61705f70617373776f72647c733a34303a2264303333653232616533343861656235363630666332313430616563333538353063346461393937223b61705f6e616d617c733a31303a2242616e672041646d696e223b61705f6c6576656c7c733a353a2261646d696e223b61705f6c6576656c5f63617074696f6e7c733a31333a2241646d696e6973747261746f72223b),
('2f06e5fb41c3c5488a0919748024f7fedbac3cc2', '103.83.93.245', 1609500151, 0x5f5f63695f6c6173745f726567656e65726174657c693a313630393439393834343b61705f69645f757365727c733a313a2231223b61705f70617373776f72647c733a34303a2264303333653232616533343861656235363630666332313430616563333538353063346461393937223b61705f6e616d617c733a31303a2242616e672041646d696e223b61705f6c6576656c7c733a353a2261646d696e223b61705f6c6576656c5f63617074696f6e7c733a31333a2241646d696e6973747261746f72223b),
('b16ca4411ee00d13341491e028991c1f73dca3c3', '103.83.93.245', 1609500455, 0x5f5f63695f6c6173745f726567656e65726174657c693a313630393530303135323b61705f69645f757365727c733a313a2231223b61705f70617373776f72647c733a34303a2264303333653232616533343861656235363630666332313430616563333538353063346461393937223b61705f6e616d617c733a31303a2242616e672041646d696e223b61705f6c6576656c7c733a353a2261646d696e223b61705f6c6576656c5f63617074696f6e7c733a31333a2241646d696e6973747261746f72223b),
('9b90a55920f48ba9c4705a14e6af7537441b77ae', '103.83.93.245', 1609501013, 0x5f5f63695f6c6173745f726567656e65726174657c693a313630393530303435353b61705f69645f757365727c733a313a2231223b61705f70617373776f72647c733a34303a2264303333653232616533343861656235363630666332313430616563333538353063346461393937223b61705f6e616d617c733a31303a2242616e672041646d696e223b61705f6c6576656c7c733a353a2261646d696e223b61705f6c6576656c5f63617074696f6e7c733a31333a2241646d696e6973747261746f72223b),
('79c6deac710034662d6197f87c56e998e4eb7f70', '103.83.93.245', 1609501256, 0x5f5f63695f6c6173745f726567656e65726174657c693a313630393530313032333b61705f69645f757365727c733a313a2231223b61705f70617373776f72647c733a34303a2264303333653232616533343861656235363630666332313430616563333538353063346461393937223b61705f6e616d617c733a31303a2242616e672041646d696e223b61705f6c6576656c7c733a353a2261646d696e223b61705f6c6576656c5f63617074696f6e7c733a31333a2241646d696e6973747261746f72223b),
('9ca9553f7bd9214a864362b577d6d810d3b533de', '103.83.93.245', 1609501729, 0x5f5f63695f6c6173745f726567656e65726174657c693a313630393530313533303b61705f69645f757365727c733a313a2231223b61705f70617373776f72647c733a34303a2264303333653232616533343861656235363630666332313430616563333538353063346461393937223b61705f6e616d617c733a31303a2242616e672041646d696e223b61705f6c6576656c7c733a353a2261646d696e223b61705f6c6576656c5f63617074696f6e7c733a31333a2241646d696e6973747261746f72223b),
('e0556eaba4e985e1403f0ee808066f4eb9b3a4e7', '103.83.93.245', 1609501886, 0x5f5f63695f6c6173745f726567656e65726174657c693a313630393530313838343b61705f69645f757365727c733a313a2231223b61705f70617373776f72647c733a34303a2264303333653232616533343861656235363630666332313430616563333538353063346461393937223b61705f6e616d617c733a31303a2242616e672041646d696e223b61705f6c6576656c7c733a353a2261646d696e223b61705f6c6576656c5f63617074696f6e7c733a31333a2241646d696e6973747261746f72223b),
('a5b81b4a9c0c79610d4484c0fd687322d221b23a', '103.83.93.245', 1609503000, 0x5f5f63695f6c6173745f726567656e65726174657c693a313630393530323730333b61705f69645f757365727c733a313a2231223b61705f70617373776f72647c733a34303a2264303333653232616533343861656235363630666332313430616563333538353063346461393937223b61705f6e616d617c733a31303a2242616e672041646d696e223b61705f6c6576656c7c733a353a2261646d696e223b61705f6c6576656c5f63617074696f6e7c733a31333a2241646d696e6973747261746f72223b),
('4613fb55bc1577751e840c64860a99394f5aa898', '103.83.93.245', 1609503168, 0x5f5f63695f6c6173745f726567656e65726174657c693a313630393530333030343b61705f69645f757365727c733a313a2235223b61705f70617373776f72647c733a34303a2232656332323039353530336665383433333236653763313964643261623938373136623633653464223b61705f6e616d617c733a31323a224a616b612053656d62756e67223b61705f6c6576656c7c733a383a226b6575616e67616e223b61705f6c6576656c5f63617074696f6e7c733a31343a225374616666204b6575616e67616e223b),
('8965f0e17d4668df4e22f50071c4190170e4336e', '103.83.93.245', 1609504038, 0x5f5f63695f6c6173745f726567656e65726174657c693a313630393530333938323b61705f69645f757365727c733a313a2231223b61705f70617373776f72647c733a34303a2264303333653232616533343861656235363630666332313430616563333538353063346461393937223b61705f6e616d617c733a31303a2242616e672041646d696e223b61705f6c6576656c7c733a353a2261646d696e223b61705f6c6576656c5f63617074696f6e7c733a31333a2241646d696e6973747261746f72223b),
('c0786b18d28d5a548596e2729fd65a10ed215247', '54.36.148.48', 1609561453, 0x5f5f63695f6c6173745f726567656e65726174657c693a313630393536313435333b),
('65349067314e8ba74fed6e69d27d016a14945a73', '209.17.97.74', 1609588478, 0x5f5f63695f6c6173745f726567656e65726174657c693a313630393538383437383b),
('c4c07baabacd72acfe9230f6c2c15bdec959a47c', '208.80.194.41', 1609599092, 0x5f5f63695f6c6173745f726567656e65726174657c693a313630393539393039323b),
('0f33f2ad830d68ae6f2e462e647ce8ffcd1516e4', '54.36.148.142', 1609619129, 0x5f5f63695f6c6173745f726567656e65726174657c693a313630393631393132393b),
('926525e1c83a1e9d943432075916e1d9f04e6599', '66.249.71.59', 1609640288, 0x5f5f63695f6c6173745f726567656e65726174657c693a313630393634303238383b),
('7344e6c9a0b714641a2df62c2cc897a0e32ef134', '138.246.253.24', 1609643086, 0x5f5f63695f6c6173745f726567656e65726174657c693a313630393634333038363b),
('5c42b4efaab082e9d9d9107ff7be9e89b5a8604a', '64.246.178.34', 1609672863, 0x5f5f63695f6c6173745f726567656e65726174657c693a313630393637323836333b),
('c2487c4af38edd9487e5d449d6a5af1a45b5f709', '114.4.78.140', 1609676471, 0x5f5f63695f6c6173745f726567656e65726174657c693a313630393637363437313b),
('2cecc60504e9432eb3a59503c64eedb780234b3d', '114.4.78.140', 1609676540, 0x5f5f63695f6c6173745f726567656e65726174657c693a313630393637363437313b61705f69645f757365727c733a313a2231223b61705f70617373776f72647c733a34303a2264303333653232616533343861656235363630666332313430616563333538353063346461393937223b61705f6e616d617c733a31303a2242616e672041646d696e223b61705f6c6576656c7c733a353a2261646d696e223b61705f6c6576656c5f63617074696f6e7c733a31333a2241646d696e6973747261746f72223b),
('356dbf11ed0ee9e7d58d3deddb1b75687f8741cc', '114.4.78.140', 1609676471, 0x5f5f63695f6c6173745f726567656e65726174657c693a313630393637363437313b),
('d18463c90020d0098a9c0eafbf0ccd2c1bb427cb', '54.36.149.92', 1609689438, 0x5f5f63695f6c6173745f726567656e65726174657c693a313630393638393433383b),
('02df6ef89261ca587b0a06869e2af4f085e306e5', '138.246.253.24', 1609696239, 0x5f5f63695f6c6173745f726567656e65726174657c693a313630393639363233393b),
('65f2b4a0c7249b250e8cc4357f002cfef45bca1a', '180.244.233.177', 1609757099, 0x5f5f63695f6c6173745f726567656e65726174657c693a313630393735373039393b),
('d113d763dce9561efd8bbbe9bbaa851827b0606d', '54.36.148.48', 1609758214, 0x5f5f63695f6c6173745f726567656e65726174657c693a313630393735383231343b),
('1b50ab312ab960bff8d72eb695e9d137014a8639', '54.36.148.48', 1609827560, 0x5f5f63695f6c6173745f726567656e65726174657c693a313630393832373536303b),
('a3b73825b27a2a5f2342203b1ae6fcddabe24e6c', '206.81.12.65', 1609851221, 0x5f5f63695f6c6173745f726567656e65726174657c693a313630393835313232313b),
('39baa5a80e4549995a65fc89b13cd1bcab22140c', '167.86.104.186', 1609863707, 0x5f5f63695f6c6173745f726567656e65726174657c693a313630393836333730373b),
('2fd961d70ed005e73d94130def528bf3a2de806d', '209.17.97.106', 1609893541, 0x5f5f63695f6c6173745f726567656e65726174657c693a313630393839333534313b),
('ae2b1fa9649c501b1390eebc16a4f20aadf22e9f', '54.36.149.92', 1609896677, 0x5f5f63695f6c6173745f726567656e65726174657c693a313630393839363637373b),
('9e46147f165271ed3c861073eb4f32b46cf8f4e0', '82.165.117.55', 1609913998, 0x5f5f63695f6c6173745f726567656e65726174657c693a313630393931333939373b),
('86e8f7fd8a3ca18896d80fe7ce4891df1ee52de8', '134.122.3.184', 1609965037, 0x5f5f63695f6c6173745f726567656e65726174657c693a313630393936353033373b),
('f5c600db7c5cb4df10336daca9ef2f0cf14d08d3', '54.36.148.235', 1609966124, 0x5f5f63695f6c6173745f726567656e65726174657c693a313630393936363132343b),
('f35f9020edda6a4322b4e6284516ec5a5be1bfc6', '66.249.71.61', 1609969155, 0x5f5f63695f6c6173745f726567656e65726174657c693a313630393936393135353b),
('7bb5f9816df78b8378a3187f73f9fd5ed9fe8042', '134.122.3.184', 1609971789, 0x5f5f63695f6c6173745f726567656e65726174657c693a313630393937313738393b),
('327f2fb04406be7747a78535af71fbf192440c48', '195.181.170.91', 1610014463, 0x5f5f63695f6c6173745f726567656e65726174657c693a313631303031343436333b),
('93737b817c30a2d0dcd6ce7cb1b2a11a87aaa86e', '209.17.96.242', 1610020155, 0x5f5f63695f6c6173745f726567656e65726174657c693a313631303032303135353b),
('df0fcf1b7131b87461c8c04dfc65dfaf64c7301e', '194.67.116.9', 1610025722, 0x5f5f63695f6c6173745f726567656e65726174657c693a313631303032353732323b),
('edbc820d321d251a56fe30803d6873b36a1c9947', '54.36.148.212', 1610031301, 0x5f5f63695f6c6173745f726567656e65726174657c693a313631303033313330313b),
('8930b8e5e2dbf19776bca2256dc783c417bfe50b', '66.249.71.96', 1610038163, 0x5f5f63695f6c6173745f726567656e65726174657c693a313631303033383136333b),
('dff56b7ef1b91f3e9ea2f7fdca7a57a12aa0b9a6', '66.249.71.61', 1610044642, 0x5f5f63695f6c6173745f726567656e65726174657c693a313631303034343634323b),
('cb4d0b3581a7164d4b286f4eaa3cdc5eb027c599', '209.17.96.162', 1610069545, 0x5f5f63695f6c6173745f726567656e65726174657c693a313631303036393534353b),
('c2dcbc5af7ac6fd5605498343a4f304b8f0c0774', '138.246.253.24', 1610078348, 0x5f5f63695f6c6173745f726567656e65726174657c693a313631303037383334383b),
('8d0cb74efae9becdb2fd1dc5bffda5937b3695c0', '209.17.96.194', 1610086170, 0x5f5f63695f6c6173745f726567656e65726174657c693a313631303038363136393b),
('ffab6210dac61108a697946759dbdb8d2fdec4ab', '51.15.205.3', 1610095775, 0x5f5f63695f6c6173745f726567656e65726174657c693a313631303039353737353b),
('d61d2dd555e984451ed6c88d5943e8fe57b95ccc', '66.249.71.127', 1610100668, 0x5f5f63695f6c6173745f726567656e65726174657c693a313631303130303636383b),
('9ad0c12378fe7baabc8f271284165fbcbf332151', '209.17.96.250', 1610108299, 0x5f5f63695f6c6173745f726567656e65726174657c693a313631303130383239393b),
('5df85ef23f5dd8258ebc7aab078ed58ce8e60d32', '54.36.148.48', 1610110026, 0x5f5f63695f6c6173745f726567656e65726174657c693a313631303131303032363b),
('61b3187f351e86a89d5b265e014b9fb50ba84681', '54.36.149.92', 1610183556, 0x5f5f63695f6c6173745f726567656e65726174657c693a313631303138333535363b),
('ccd110bdb47aadfe3202f0416ebd7042a39748bd', '51.15.251.143', 1610205972, 0x5f5f63695f6c6173745f726567656e65726174657c693a313631303230353937323b),
('ff68f9524f0cfd366080af84ba98eca2e79ce58c', '208.80.194.41', 1610215498, 0x5f5f63695f6c6173745f726567656e65726174657c693a313631303231353439373b),
('9ea6a60c2421b2e0deb611af599df51d5023bd9a', '138.68.180.18', 1610219171, 0x5f5f63695f6c6173745f726567656e65726174657c693a313631303231393137313b),
('cd7b3030da8e63a5b6e04c49562b28684b6f11b0', '54.36.148.48', 1610255859, 0x5f5f63695f6c6173745f726567656e65726174657c693a313631303235353835393b),
('877f582a3906193f771a9e87d4800cc094e6e8d1', '51.158.108.77', 1610309118, 0x5f5f63695f6c6173745f726567656e65726174657c693a313631303330393131383b),
('1198c19089e25a707d4dd42d6ede03dcd8a35dcb', '54.36.149.92', 1610330984, 0x5f5f63695f6c6173745f726567656e65726174657c693a313631303333303938343b),
('d99c5df61f0558527824c05c0b2cbd8a60c35e1f', '23.228.109.146', 1610342245, 0x5f5f63695f6c6173745f726567656e65726174657c693a313631303334323234353b),
('6a842f59c26897d74a96a4779900ff6dcbafb028', '23.228.109.146', 1610342245, 0x5f5f63695f6c6173745f726567656e65726174657c693a313631303334323234353b),
('435a35686354cc511cc5e9d1bf4fe6c713d5cc80', '64.137.64.75', 1610345330, 0x5f5f63695f6c6173745f726567656e65726174657c693a313631303334353333303b),
('2cdad96d17f98cb82917211621c361be4b7641fc', '209.17.96.106', 1610392102, 0x5f5f63695f6c6173745f726567656e65726174657c693a313631303339323130323b),
('06a37c6dda17f420c484ade296cf392828341026', '54.36.148.48', 1610400319, 0x5f5f63695f6c6173745f726567656e65726174657c693a313631303430303331393b),
('4aac2a11acc5a30f1207891c35ee4c3b5dc52e17', '5.196.76.206', 1610422526, 0x5f5f63695f6c6173745f726567656e65726174657c693a313631303432323532363b),
('2c0b71bc90f342021a1eaa3ec8d1f5fd723513a4', '51.77.53.174', 1610424615, 0x5f5f63695f6c6173745f726567656e65726174657c693a313631303432343631353b),
('a380db0e32cb2324725e94bceb8a075d27920644', '209.17.96.26', 1610444303, 0x5f5f63695f6c6173745f726567656e65726174657c693a313631303434343330323b),
('2134c6f39e6be0e77814f4b2c47a3dc8d2466514', '51.158.118.231', 1610448826, 0x5f5f63695f6c6173745f726567656e65726174657c693a313631303434383832363b),
('22d203c902fb5c7d04c16f8204f296f90323e32c', '209.17.96.202', 1610451111, 0x5f5f63695f6c6173745f726567656e65726174657c693a313631303435313131313b),
('56c871163de6fd40dd89d80069617ab0b343cce5', '209.17.97.42', 1610457213, 0x5f5f63695f6c6173745f726567656e65726174657c693a313631303435373231333b),
('e15865fb125a43eaafd30b74f87cd696a354bd6b', '54.36.148.152', 1610469804, 0x5f5f63695f6c6173745f726567656e65726174657c693a313631303436393830343b),
('8260a5a95170960799d5138179b587604e031b75', '62.210.152.248', 1610504920, 0x5f5f63695f6c6173745f726567656e65726174657c693a313631303530343932303b),
('447b82094073baf332fe80348df9da1caa22c9c5', '62.115.15.146', 1610510629, 0x5f5f63695f6c6173745f726567656e65726174657c693a313631303531303632393b),
('ed4c3f997ac477e22d486913ec19e8e1712454a1', '207.244.230.205', 1610522353, 0x5f5f63695f6c6173745f726567656e65726174657c693a313631303532323335333b),
('4f162286db5d6ca3a7914f6170735d86264a631a', '163.172.148.199', 1610526483, 0x5f5f63695f6c6173745f726567656e65726174657c693a313631303532363438333b),
('ab72958149083e8145ffee9d64415d06ff186ee4', '54.36.149.92', 1610552108, 0x5f5f63695f6c6173745f726567656e65726174657c693a313631303535323130373b),
('69e25d1b94c84458868f9b934242cd83ea0fddc9', '40.86.207.23', 1610569127, 0x5f5f63695f6c6173745f726567656e65726174657c693a313631303536393132373b),
('95a9e663b299578cd1e21b4eadbbaa9d36e9950a', '184.174.74.204', 1610592652, 0x5f5f63695f6c6173745f726567656e65726174657c693a313631303539323635323b),
('8d19764c1353812d91036966f18b8cb3fa6ac757', '163.172.180.25', 1610626886, 0x5f5f63695f6c6173745f726567656e65726174657c693a313631303632363838353b),
('188094fa61f8847592055467d565bf204b2508d4', '54.36.148.48', 1610630121, 0x5f5f63695f6c6173745f726567656e65726174657c693a313631303633303132313b),
('b27c5a73e81abf953094c889615801846b483654', '209.17.96.234', 1610633247, 0x5f5f63695f6c6173745f726567656e65726174657c693a313631303633333234373b),
('7ee356b1702450ff91007b17b4143809d3084173', '209.17.96.130', 1610634714, 0x5f5f63695f6c6173745f726567656e65726174657c693a313631303633343731343b),
('1a0b2cf32b97ed40af757ce37f7eba619d14734e', '132.232.81.163', 1610682720, 0x5f5f63695f6c6173745f726567656e65726174657c693a313631303638323731393b),
('06b1f49d45e4beaba4254b7eb5888ee4738d17f6', '132.232.81.163', 1610682720, 0x5f5f63695f6c6173745f726567656e65726174657c693a313631303638323731393b),
('65c8f19da47ff7a40612c9b4eb4fbada2e992595', '67.21.36.3', 1610693419, 0x5f5f63695f6c6173745f726567656e65726174657c693a313631303639333431393b),
('424ac765358ffceb18109c26a5fd8340a3d5725d', '209.17.96.178', 1610699303, 0x5f5f63695f6c6173745f726567656e65726174657c693a313631303639393330333b),
('8db7ea504a6f550d4f62b058dd5fe326f26f1543', '54.36.148.48', 1610699579, 0x5f5f63695f6c6173745f726567656e65726174657c693a313631303639393537393b),
('1c68d6813ac8c799b8529d8c704785e18b6a6ed5', '185.195.24.52', 1610699887, 0x5f5f63695f6c6173745f726567656e65726174657c693a313631303639393838373b),
('554dcec830d5e01df7afa001de60e913ec225883', '209.17.97.26', 1610714494, 0x5f5f63695f6c6173745f726567656e65726174657c693a313631303731343439343b),
('0ae34ddb624151e6d3830ce7a468280d80ad093b', '54.36.148.48', 1610770246, 0x5f5f63695f6c6173745f726567656e65726174657c693a313631303737303234363b),
('898a358802fd976d06a57c602103b3c4647c9d2e', '209.17.96.226', 1610791019, 0x5f5f63695f6c6173745f726567656e65726174657c693a313631303739313031393b),
('5691cbdeea8cfed4f2075f442014b5af7cf0af01', '209.17.96.138', 1610808854, 0x5f5f63695f6c6173745f726567656e65726174657c693a313631303830383835343b),
('569d1eb122aacc6f213f0a292322e12628f470e4', '208.80.194.42', 1610830342, 0x5f5f63695f6c6173745f726567656e65726174657c693a313631303833303334323b),
('352cead0e90b1bb535ae2a187ca99d5d6ab00aa8', '54.36.149.92', 1610844895, 0x5f5f63695f6c6173745f726567656e65726174657c693a313631303834343839353b),
('c7bdec47d3ad955fb5b6842cca37d46f452e781d', '66.45.240.93', 1610865507, 0x5f5f63695f6c6173745f726567656e65726174657c693a313631303836353530373b),
('42bd463798e83470de797304eaf7f25655c49820', '66.45.240.93', 1610865507, 0x5f5f63695f6c6173745f726567656e65726174657c693a313631303836353530373b),
('8d1718b1db380a9f8ae3045421c2e3fb827be285', '66.45.240.93', 1610865539, 0x5f5f63695f6c6173745f726567656e65726174657c693a313631303836353533393b),
('d275b399ce2314d246118d1691ff7e8a05d5610a', '209.17.97.106', 1610873719, 0x5f5f63695f6c6173745f726567656e65726174657c693a313631303837333731393b),
('88d3684c2555e37c5629d7e55c0ea993a5c701f3', '54.36.148.48', 1610912016, 0x5f5f63695f6c6173745f726567656e65726174657c693a313631303931323031363b),
('a29eb531adb6f76056903963567be1b11794522f', '40.77.167.69', 1610983683, 0x5f5f63695f6c6173745f726567656e65726174657c693a313631303938333638333b),
('2fe3d615d8c718eebe985b0ffaff9f893cbd8d60', '54.36.148.48', 1610988609, 0x5f5f63695f6c6173745f726567656e65726174657c693a313631303938383630393b),
('18f7ed77ac9b5c4fb28a19a3a7c29489ee3d8f1c', '194.67.116.9', 1611009832, 0x5f5f63695f6c6173745f726567656e65726174657c693a313631313030393833323b),
('e48de5ee1caeb6941dfba72d4f761517979f7773', '91.227.68.139', 1611036840, 0x5f5f63695f6c6173745f726567656e65726174657c693a313631313033363834303b),
('dc13fe239d4b4e3605612150df7a932521b31050', '91.227.68.139', 1611036842, 0x5f5f63695f6c6173745f726567656e65726174657c693a313631313033363834323b),
('04c4456c715d67a27303bff663a43c2b2d7af4b0', '54.36.149.92', 1611061214, 0x5f5f63695f6c6173745f726567656e65726174657c693a313631313036313231333b),
('fbf66d3955a2f3680d4704b02d58aa94ef89369d', '54.36.149.92', 1611137907, 0x5f5f63695f6c6173745f726567656e65726174657c693a313631313133373930373b),
('04d06caa05408e9c84b5f89ebe8720d9d580bfc3', '209.17.97.114', 1611158726, 0x5f5f63695f6c6173745f726567656e65726174657c693a313631313135383732363b),
('1e9936a9a1fe94d45a7d55e6e513c622bdf6b169', '54.36.149.92', 1611214209, 0x5f5f63695f6c6173745f726567656e65726174657c693a313631313231343230393b),
('fe27154851aa5be91189c837e4d618f2d5201ac7', '209.17.96.74', 1611218284, 0x5f5f63695f6c6173745f726567656e65726174657c693a313631313231383238343b),
('cd96b6345d8e3aac4d3ff9df7af87e69d7fd7e5c', '209.17.96.234', 1611221193, 0x5f5f63695f6c6173745f726567656e65726174657c693a313631313232313139333b),
('838bd8e0b17e47b6e596a8c84904a0c454167092', '209.17.96.114', 1611222577, 0x5f5f63695f6c6173745f726567656e65726174657c693a313631313232323537373b),
('2e06bf4cda95980d9d4b2a1b5be37816cb324ca6', '209.17.96.226', 1611236707, 0x5f5f63695f6c6173745f726567656e65726174657c693a313631313233363730373b),
('afe817fe7d61332ca5c645541c3a7a86a5bc636e', '66.249.71.59', 1611265009, 0x5f5f63695f6c6173745f726567656e65726174657c693a313631313236353030393b),
('bb90f63882f58d8b0878521310163121ba7eb844', '66.249.71.59', 1611273565, 0x5f5f63695f6c6173745f726567656e65726174657c693a313631313237333536353b),
('cb19a7ffe68e28f0a667a920480e60ab4a1f7af5', '54.203.4.192', 1611284536, 0x5f5f63695f6c6173745f726567656e65726174657c693a313631313238343533363b),
('dcac70d66a17395da1d5ee28107a8bb58037d1b5', '34.221.115.196', 1611284555, 0x5f5f63695f6c6173745f726567656e65726174657c693a313631313238343535353b),
('de523593fa730cf879332905b4f379ce57a22998', '66.249.71.96', 1611290320, 0x5f5f63695f6c6173745f726567656e65726174657c693a313631313239303332303b),
('2d831fa9782639270add07697df45c50d5b67246', '54.36.149.92', 1611296095, 0x5f5f63695f6c6173745f726567656e65726174657c693a313631313239363039353b),
('bbf2383a4c364285bc949449f8495dc16eaf8ab3', '209.17.96.170', 1611305210, 0x5f5f63695f6c6173745f726567656e65726174657c693a313631313330353231303b),
('7b4d00e38fe12ee442f7306a11db3ac2a085b8aa', '103.83.93.217', 1611313848, 0x5f5f63695f6c6173745f726567656e65726174657c693a313631313331333730323b61705f69645f757365727c733a313a2231223b61705f70617373776f72647c733a34303a2264303333653232616533343861656235363630666332313430616563333538353063346461393937223b61705f6e616d617c733a31303a2242616e672041646d696e223b61705f6c6576656c7c733a353a2261646d696e223b61705f6c6576656c5f63617074696f6e7c733a31333a2241646d696e6973747261746f72223b);

-- --------------------------------------------------------

--
-- Struktur dari tabel `pj_kategori_barang`
--

CREATE TABLE `pj_kategori_barang` (
  `id_kategori_barang` mediumint(1) UNSIGNED NOT NULL,
  `kategori` varchar(40) NOT NULL,
  `dihapus` enum('tidak','ya') NOT NULL
) ENGINE=MyISAM DEFAULT CHARSET=latin1;

--
-- Dumping data untuk tabel `pj_kategori_barang`
--

INSERT INTO `pj_kategori_barang` (`id_kategori_barang`, `kategori`, `dihapus`) VALUES
(1, 'Sepatu', 'ya'),
(2, 'Tas', 'ya'),
(3, 'Seafood dan lain lain', 'tidak'),
(4, 'saos', 'tidak'),
(5, 'Topi', 'ya'),
(6, 'Gelang', 'ya'),
(7, 'Jam', 'ya'),
(8, 'Mika', 'tidak'),
(9, 'Nuget', 'tidak'),
(10, 'Sosis', 'tidak');

-- --------------------------------------------------------

--
-- Struktur dari tabel `pj_merk_barang`
--

CREATE TABLE `pj_merk_barang` (
  `id_merk_barang` mediumint(1) UNSIGNED NOT NULL,
  `merk` varchar(40) NOT NULL,
  `dihapus` enum('tidak','ya') NOT NULL
) ENGINE=MyISAM DEFAULT CHARSET=latin1;

--
-- Dumping data untuk tabel `pj_merk_barang`
--

INSERT INTO `pj_merk_barang` (`id_merk_barang`, `merk`, `dihapus`) VALUES
(1, 'Adidas', 'ya'),
(2, 'Nike', 'ya'),
(3, 'BodyPack', 'ya'),
(4, 'Tiga Mawar Vida', 'tidak'),
(5, 'Euro Gourment', 'tidak'),
(6, 'Cedea', 'tidak'),
(7, 'Pierro', 'ya'),
(8, 'Pierro', 'ya'),
(9, 'Pierro', 'ya'),
(10, 'Jofrans', 'tidak'),
(11, 'Piero', 'ya'),
(12, 'Teen', 'ya'),
(13, 'adass2', 'ya'),
(14, 'asda', 'ya'),
(15, 'sada3', 'ya'),
(16, 'asda 3', 'ya'),
(17, '333', 'ya'),
(18, 'Sunfish', 'tidak'),
(19, 'Minaku', 'tidak');

-- --------------------------------------------------------

--
-- Struktur dari tabel `pj_pelanggan`
--

CREATE TABLE `pj_pelanggan` (
  `id_pelanggan` mediumint(1) UNSIGNED NOT NULL,
  `nama` varchar(40) NOT NULL,
  `alamat` text,
  `telp` varchar(40) DEFAULT NULL,
  `info_tambahan` text,
  `kode_unik` varchar(30) NOT NULL,
  `waktu_input` datetime NOT NULL,
  `dihapus` enum('tidak','ya') NOT NULL
) ENGINE=MyISAM DEFAULT CHARSET=latin1;

--
-- Dumping data untuk tabel `pj_pelanggan`
--

INSERT INTO `pj_pelanggan` (`id_pelanggan`, `nama`, `alamat`, `telp`, `info_tambahan`, `kode_unik`, `waktu_input`, `dihapus`) VALUES
(1, 'Pak Udin', 'Jalan Kayumanis 2 Baru', '08838493439', 'Testtt', '', '2016-05-07 22:44:25', 'ya'),
(2, 'Pak Jarwo', 'Kemanggisan deket binus', '4353535353', NULL, '', '2016-05-07 22:44:49', 'ya'),
(3, 'Joko', 'Kayumanis', '08773682882', '', '', '2016-05-23 16:31:47', 'ya'),
(4, 'Budi', 'Salemba', '089930393829', 'Testing', '', '2016-05-23 16:33:00', 'ya'),
(5, 'Mira', 'Pisangan', '09938829232', '', '', '2016-05-23 16:36:45', 'ya'),
(6, 'Deden', 'Jauh', '990393', 'Test', '', '2016-05-24 20:54:58', 'ya'),
(7, 'Jamil', 'Berlan', '0934934939', '', '14640998941', '2016-05-24 21:24:54', 'ya'),
(8, 'Budi', 'Jatinegara', '8349393439', '', '14640999321', '2016-05-24 21:25:32', 'ya'),
(9, 'Kodok', 'Test', '0000', '', '14641003271', '2016-05-24 21:32:07', 'ya'),
(10, 'Brandon', 'Test', '99030', '', '14641003401', '2016-05-24 21:32:20', 'ya'),
(11, 'Broke', 'Test', '9900', 'Test', '14641005481', '2016-05-24 21:35:48', 'ya'),
(12, 'Narji', 'Test', '000', 'Test', '14641006401', '2016-05-24 21:37:20', 'ya'),
(13, 'Bernard', 'Test', '0000', 'test', '14641006651', '2016-05-24 21:37:45', 'ya'),
(14, 'Nani', 'Test\r\n\r\nAja', '0000', 'Test\r\n\r\nAja', '14641016551', '2016-05-24 21:54:15', 'ya'),
(15, 'Norman', 'Test', '0039349', '', '14641017311', '2016-05-24 21:55:31', 'ya'),
(16, 'Melina', 'Jauh', '9900039', 'Test', '14661682871', '2016-06-17 19:58:07', 'ya'),
(17, 'Malih', 'test', '3434343', '', '14729767201', '2016-09-04 15:12:00', 'ya'),
(18, 'jaka', 'jaka', '0000', 'jaka', '14729767881', '2016-09-04 15:13:08', 'ya'),
(19, 'uwa deby', 'seuseupan', '123', '', '14729768261', '2016-09-04 15:13:46', 'ya'),
(20, 'asda', 'asda', '2342', 'asdad', '14729768371', '2016-09-04 15:13:57', 'ya'),
(21, 'Ipan', 'Seuseuan Bank BPR', '0895620044747', '', '14729768481', '2016-09-04 15:14:08', 'tidak'),
(22, 'Regi', 'seuseupan kuliner', '321123', '', '16079946111', '2020-12-15 08:10:11', 'tidak');

-- --------------------------------------------------------

--
-- Struktur dari tabel `pj_penjualan_detail`
--

CREATE TABLE `pj_penjualan_detail` (
  `id_penjualan_d` int(1) UNSIGNED NOT NULL,
  `id_penjualan_m` int(1) UNSIGNED NOT NULL,
  `id_barang` int(1) NOT NULL,
  `jumlah_beli` smallint(1) UNSIGNED NOT NULL,
  `harga_satuan` decimal(10,0) NOT NULL,
  `total` decimal(10,0) NOT NULL
) ENGINE=MyISAM DEFAULT CHARSET=latin1;

--
-- Dumping data untuk tabel `pj_penjualan_detail`
--

INSERT INTO `pj_penjualan_detail` (`id_penjualan_d`, `id_penjualan_m`, `id_barang`, `jumlah_beli`, `harga_satuan`, `total`) VALUES
(33, 19, 22, 1, 2000, 2000),
(32, 19, 24, 1, 8000, 8000),
(34, 19, 23, 1, 3000, 3000);

-- --------------------------------------------------------

--
-- Struktur dari tabel `pj_penjualan_master`
--

CREATE TABLE `pj_penjualan_master` (
  `id_penjualan_m` int(1) UNSIGNED NOT NULL,
  `nomor_nota` varchar(40) NOT NULL,
  `tanggal` datetime NOT NULL,
  `grand_total` decimal(10,0) NOT NULL,
  `bayar` decimal(10,0) NOT NULL,
  `keterangan_lain` text,
  `id_pelanggan` mediumint(1) UNSIGNED DEFAULT NULL,
  `id_user` mediumint(1) UNSIGNED NOT NULL
) ENGINE=MyISAM DEFAULT CHARSET=latin1;

--
-- Dumping data untuk tabel `pj_penjualan_master`
--

INSERT INTO `pj_penjualan_master` (`id_penjualan_m`, `nomor_nota`, `tanggal`, `grand_total`, `bayar`, `keterangan_lain`, `id_pelanggan`, `id_user`) VALUES
(19, '5FEF09A92BA8D1', '2021-01-01 11:38:17', 13000, 13000, '', NULL, 1);

-- --------------------------------------------------------

--
-- Struktur dari tabel `pj_user`
--

CREATE TABLE `pj_user` (
  `id_user` mediumint(1) UNSIGNED NOT NULL,
  `username` varchar(40) NOT NULL,
  `password` varchar(60) NOT NULL,
  `nama` varchar(50) NOT NULL,
  `id_akses` tinyint(1) UNSIGNED NOT NULL,
  `status` enum('Aktif','Non Aktif') NOT NULL,
  `dihapus` enum('tidak','ya') NOT NULL
) ENGINE=MyISAM DEFAULT CHARSET=latin1;

--
-- Dumping data untuk tabel `pj_user`
--

INSERT INTO `pj_user` (`id_user`, `username`, `password`, `nama`, `id_akses`, `status`, `dihapus`) VALUES
(1, 'admin', 'd033e22ae348aeb5660fc2140aec35850c4da997', 'Bang Admin', 1, 'Aktif', 'tidak'),
(2, 'kasir', '8691e4fc53b99da544ce86e22acba62d13352eff', 'Centini', 2, 'Aktif', 'tidak'),
(3, 'kasir2', '08dfc5f04f9704943a423ea5732b98d3567cbd49', 'Kasir Dua', 2, 'Aktif', 'ya'),
(4, 'jaka', '2ec22095503fe843326e7c19dd2ab98716b63e4d', 'Jaka Sembung', 3, 'Aktif', 'tidak'),
(5, 'joko', '2ec22095503fe843326e7c19dd2ab98716b63e4d', 'Jaka Sembung', 4, 'Aktif', 'tidak'),
(6, 'mubdi', 'e9c07034ba30ea69b4a81e7988b09c345227dce2', 'mubdiul qoharudin', 4, 'Aktif', 'tidak'),
(7, 'amir', '1dd89e5367785ba89076cd264daac0464fdf0d7b', 'amir', 3, 'Aktif', 'ya');

--
-- Indexes for dumped tables
--

--
-- Indeks untuk tabel `pj_akses`
--
ALTER TABLE `pj_akses`
  ADD PRIMARY KEY (`id_akses`);

--
-- Indeks untuk tabel `pj_barang`
--
ALTER TABLE `pj_barang`
  ADD PRIMARY KEY (`id_barang`);

--
-- Indeks untuk tabel `pj_ci_sessions`
--
ALTER TABLE `pj_ci_sessions`
  ADD KEY `ci_sessions_timestamp` (`timestamp`);

--
-- Indeks untuk tabel `pj_kategori_barang`
--
ALTER TABLE `pj_kategori_barang`
  ADD PRIMARY KEY (`id_kategori_barang`);

--
-- Indeks untuk tabel `pj_merk_barang`
--
ALTER TABLE `pj_merk_barang`
  ADD PRIMARY KEY (`id_merk_barang`);

--
-- Indeks untuk tabel `pj_pelanggan`
--
ALTER TABLE `pj_pelanggan`
  ADD PRIMARY KEY (`id_pelanggan`);

--
-- Indeks untuk tabel `pj_penjualan_detail`
--
ALTER TABLE `pj_penjualan_detail`
  ADD PRIMARY KEY (`id_penjualan_d`);

--
-- Indeks untuk tabel `pj_penjualan_master`
--
ALTER TABLE `pj_penjualan_master`
  ADD PRIMARY KEY (`id_penjualan_m`);

--
-- Indeks untuk tabel `pj_user`
--
ALTER TABLE `pj_user`
  ADD PRIMARY KEY (`id_user`);

--
-- AUTO_INCREMENT untuk tabel yang dibuang
--

--
-- AUTO_INCREMENT untuk tabel `pj_akses`
--
ALTER TABLE `pj_akses`
  MODIFY `id_akses` tinyint(1) UNSIGNED NOT NULL AUTO_INCREMENT, AUTO_INCREMENT=5;

--
-- AUTO_INCREMENT untuk tabel `pj_barang`
--
ALTER TABLE `pj_barang`
  MODIFY `id_barang` int(1) UNSIGNED NOT NULL AUTO_INCREMENT, AUTO_INCREMENT=25;

--
-- AUTO_INCREMENT untuk tabel `pj_kategori_barang`
--
ALTER TABLE `pj_kategori_barang`
  MODIFY `id_kategori_barang` mediumint(1) UNSIGNED NOT NULL AUTO_INCREMENT, AUTO_INCREMENT=11;

--
-- AUTO_INCREMENT untuk tabel `pj_merk_barang`
--
ALTER TABLE `pj_merk_barang`
  MODIFY `id_merk_barang` mediumint(1) UNSIGNED NOT NULL AUTO_INCREMENT, AUTO_INCREMENT=20;

--
-- AUTO_INCREMENT untuk tabel `pj_pelanggan`
--
ALTER TABLE `pj_pelanggan`
  MODIFY `id_pelanggan` mediumint(1) UNSIGNED NOT NULL AUTO_INCREMENT, AUTO_INCREMENT=23;

--
-- AUTO_INCREMENT untuk tabel `pj_penjualan_detail`
--
ALTER TABLE `pj_penjualan_detail`
  MODIFY `id_penjualan_d` int(1) UNSIGNED NOT NULL AUTO_INCREMENT, AUTO_INCREMENT=35;

--
-- AUTO_INCREMENT untuk tabel `pj_penjualan_master`
--
ALTER TABLE `pj_penjualan_master`
  MODIFY `id_penjualan_m` int(1) UNSIGNED NOT NULL AUTO_INCREMENT, AUTO_INCREMENT=20;

--
-- AUTO_INCREMENT untuk tabel `pj_user`
--
ALTER TABLE `pj_user`
  MODIFY `id_user` mediumint(1) UNSIGNED NOT NULL AUTO_INCREMENT, AUTO_INCREMENT=8;
COMMIT;

/*!40101 SET CHARACTER_SET_CLIENT=@OLD_CHARACTER_SET_CLIENT */;
/*!40101 SET CHARACTER_SET_RESULTS=@OLD_CHARACTER_SET_RESULTS */;
/*!40101 SET COLLATION_CONNECTION=@OLD_COLLATION_CONNECTION */;
